{"k5": 0.3333333333333333, "l5": 0.3333333333333333, "mO": 0, "nR": 0.3333333333333333, "oj": 0, "p2": 0.3333333333333333, "q2": 0.3333333333333333, "rE": 0, "vm": 0, "wR": 0.3333333333333333, "x9": 0.3333333333333333, "y7": 0, "zY": 0, "AO": 0.3333333333333333, "BX": 0, "Dx": 0.6666666666666666, "Ev": 0.3333333333333333, "G7": 0, "J2": 0.3333333333333333, "KR": 0.6666666666666666, "Lw": 0, "MA": 0, "N6": 0, "Op": 0.3333333333333333, "Pw": 0, "Ql": 0.3333333333333333, "Rq": 0.3333333333333333, "VM": 0.3333333333333333, "WJ": 0.3333333333333333, "XW": 0, "YK": 0, "ZJ": 0, "1R": 0, "2K": 0, "3M": 0.3333333333333333, "41": 0.3333333333333333, "5B": 0.3333333333333333, "6n": 0, "7j": 0, "8m": 0, "9x": 0, "0v": 0, "gJY": 0.3333333333333333, "jRR": 0.3333333333333333, "kR5": 0.3333333333333333, "lY5": 0.3333333333333333, "mZO": 0, "n5R": 0.3333333333333333, "o2j": 0, "pY2": 0.3333333333333333, "qx2": 0.3333333333333333, "rkE": 0.6666666666666666, "v2m": 0, "wpR": 0.3333333333333333, "xk9": 0.3333333333333333, "yP7": 0.6666666666666666, "zpY": 0, "ADO": 0.3333333333333333, "BBX": 0, "Dkx": 0.3333333333333333, "ERv": 0.3333333333333333, "G67": 0, "J62": 0, "KrR": 0, "L9w": 0.3333333333333333, "M8A": 0, "Nk6": 0.3333333333333333, "OYp": 0.3333333333333333, "PNw": 0.3333333333333333, "QWl": 0, "R6q": 0, "VOM": 0.3333333333333333, "W6J": 0.6666666666666666, "XDW": 0, "YEK": 0.3333333333333333, "Z6J": 0.3333333333333333, "1wR": 0, "2kK": 0, "31M": 0, "4x1": 0, "5yB": 0, "68n": 0, "73j": 0, "82m": 0.3333333333333333, "9rx": 0, "0Rv": 0.3333333333333333, "g5Y": 0.3333333333333333, "j2R": 0, "k55": 0, "lO5": 0.3333333333333333, "mwO": 0.3333333333333333, "nZR": 0.3333333333333333, "oYj": 0, "pg2": 0.3333333333333333, "qj2": 0.3333333333333333, "r0E": 0, "vgm": 0, "wjR": 0.3333333333333333, "g56": 0.3333333333333333, "j25": 0.3333333333333333, "k5X": 0, "lO6": 0.3333333333333333, "mw0": 0, "nZl": 0, "oYK": 0.3333333333333333, "pg6": 0.3333333333333333, "qjr": 0, "r06": 0, "vgr": 0, "wjw": 0, "xGr": 0, "y8W": 0, "zm8": 0, "Anz": 0, "BgJ": 0, "DRn": 0, "Elk": 0.3333333333333333, "GZ0": 0.3333333333333333, "JZo": 0, "KOn": 0, "Lg4": 0.6666666666666666, "Mj3": 0.3333333333333333, "Nxz": 0, "O7N": 0.3333333333333333, "P1n": 0.3333333333333333, "Q1Y": 0.3333333333333333, "RgR": 0.3333333333333333, "Vm1": 0.3333333333333333, "Wng": 0, "X6m": 0.3333333333333333, "Yvp": 0, "ZV6": 0.6666666666666666, "1rj": 0.3333333333333333, "2vv": 0.3333333333333333, "32Q": 0.3333333333333333, "4R6": 0, "59R": 0.6666666666666666, "6R9": 0, "7LA": 0.6666666666666666, "86o": 0.3333333333333333, "9Q3": 0.3333333333333333, "0VX": 0, "gL6": 0.3333333333333333, "jq5": 0.3333333333333333, "kZX": 0.6666666666666666, "l56": 0, "mQ0": 0, "nrl": 0, "oQK": 0.3333333333333333, "pQ6": 0, "qYr": 0, "rR6": 0, "vor": 0.3333333333333333, "wmw": 0.3333333333333333, "xvr": 0.3333333333333333, "yrW": 0.6666666666666666, "zK8": 0.6666666666666666, "APz": 0.3333333333333333, "BLJ": 0, "D9n": 0.3333333333333333, "E9k": 0.3333333333333333, "G50": 0, "Jqo": 0.3333333333333333, "KZn": 0, "L84": 0.3333333333333333, "MQ3": 0, "N9z": 0.3333333333333333, "OyN": 0, "PZn": 0, "Q0Y": 0, "RoR": 0.3333333333333333, "VP1": 0, "W7g": 0.3333333333333333, "Xom": 0.3333333333333333, "YWp": 0.3333333333333333, "ZY6": 0, "1Wj": 0, "2xv": 0.6666666666666666, "3QQ": 0, "4Q6": 0.3333333333333333, "5QR": 0, "6X9": 0, "71A": 0.6666666666666666, "81o": 0.3333333333333333, "913": 0.3333333333333333, "0YX": 0.3333333333333333, "gZ6": 0, "jZ5": 0, "k8X": 0.3333333333333333, "lx6": 0, "mO0": 0.3333333333333333, "nxl": 0.6666666666666666, "oVK": 0.3333333333333333, "p86": 0, "q7r": 0.3333333333333333, "r86": 0, "vlr": 0, "wVw": 0.3333333333333333, "gZ9": 0}