{
  "class_distribution": {
    "oj": 689,
    "mO": 675,
    "v2m": 63,
    "nR": 627,
    "q2": 681,
    "p2": 710,
    "BBX": 51,
    "k5": 691,
    "MA": 55,
    "rE": 694,
    "G7": 53,
    "Rq": 62,
    "8m": 66,
    "jR": 782,
    "o2j": 53,
    "YK": 69,
    "Dkx": 61,
    "7j": 50,
    "Pw": 64,
    "wR": 54,
    "gJY": 48,
    "mZO": 63,
    "gY": 651,
    "ZJ": 60,
    "ADO": 64,
    "2K": 53,
    "zY": 46,
    "Lw": 66,
    "l5": 679,
    "KR": 58,
    "Op": 59,
    "5B": 59,
    "x9": 63,
    "qx2": 42,
    "xk9": 52,
    "BX": 53,
    "zpY": 61,
    "Ev": 100,
    "VM": 58,
    "Ql": 57,
    "XW": 62,
    "vm": 72,
    "N6": 66,
    "wpR": 55,
    "lY5": 120,
    "yP7": 68,
    "0v": 66,
    "rkE": 69,
    "6n": 61,
    "1R": 64,
    "Dx": 52,
    "kR5": 52,
    "y7": 46,
    "pY2": 49,
    "n5R": 62,
    "9x": 64,
    "AO": 47,
    "WJ": 44,
    "3M": 58,
    "jRR": 39,
    "J2": 44,
    "41": 57
  },
  "entropy_distribution": {
    "jR": 4.7255824758769815,
    "k5": 4.547488527443317,
    "l5": 4.4737040554244665,
    "mO": 4.665184181087354,
    "nR": 4.783745490896134,
    "oj": 4.553671872587693,
    "p2": 4.665226565669302,
    "q2": 4.507561023480659,
    "rE": 4.664413285875219,
    "vm": 4.450115251893512,
    "wR": 4.815703635800816,
    "x9": 4.66364081848048,
    "y7": 4.368999121726781,
    "zY": 4.6078579762099485,
    "AO": 4.604902332775346,
    "BX": 4.807634141557786,
    "Dx": 4.602607462931473,
    "Ev": 4.673052960205194,
    "G7": 4.438850345552867,
    "J2": 4.80808633416937,
    "KR": 4.734828287121886,
    "Lw": 4.579159106065329,
    "MA": 4.773184073993869,
    "N6": 4.550508795140696,
    "Op": 4.750042707615039,
    "Pw": 4.465138716565579,
    "Ql": 4.62502245190656,
    "Rq": 4.558855350821039,
    "VM": 4.742505961496359,
    "WJ": 4.63005416881575,
    "XW": 4.666130756298795,
    "YK": 4.883037220065625,
    "ZJ": 4.703652512361518,
    "1R": 4.264660226661932,
    "2K": 4.563399790095602,
    "3M": 4.7847234814803,
    "41": 4.655877886000395,
    "5B": 4.6713178041354055,
    "6n": 4.6192399410647145,
    "7j": 4.758327900280766,
    "8m": 4.472096158350103,
    "9x": 4.666651864173004,
    "0v": 4.710983144165032,
    "gJY": 4.746045038943036,
    "jRR": 4.548102267196698,
    "kR5": 4.610240960939538,
    "lY5": 4.437246858489687,
    "mZO": 4.652357620691659,
    "n5R": 4.623131382119021,
    "o2j": 4.681640484249376,
    "pY2": 4.421588295965591,
    "qx2": 4.516626285974137,
    "rkE": 4.559866181054517,
    "v2m": 4.5021707638073325,
    "wpR": 4.434015301262488,
    "xk9": 4.704615299851812,
    "yP7": 4.394056285140366,
    "zpY": 4.844600757670877,
    "ADO": 4.67511260064402,
    "BBX": 4.601376007405343,
    "Dkx": 4.583540196946506,
    "ERv": 4.478869482395208,
    "G67": 4.697577323364696,
    "J62": 4.667628751138642,
    "KrR": 4.436129625697788,
    "L9w": 4.639421886719311,
    "M8A": 4.544078432206844,
    "Nk6": 4.806930166648259,
    "OYp": 4.583437349037574,
    "PNw": 4.426152790234967,
    "QWl": 4.738134751166791,
    "R6q": 4.4981449811251455,
    "VOM": 4.598088855247586,
    "W6J": 4.658877785179455,
    "XDW": 4.461433386695595,
    "YEK": 4.712827800256809,
    "Z6J": 4.579862423412577,
    "1wR": 4.448257573355947,
    "2kK": 4.596492249210022,
    "31M": 4.66016126151182,
    "4x1": 4.719348881479392,
    "5yB": 4.705789182830356,
    "68n": 4.578911323697245,
    "73j": 4.571876281613792,
    "82m": 4.6862924803215895,
    "9rx": 4.578471100555863,
    "0Rv": 4.804918525482323,
    "g5Y": 4.721922459779063,
    "j2R": 4.5147086631264495,
    "k55": 4.606444538498118,
    "lO5": 4.627109922017586,
    "mwO": 4.65882290592628,
    "nZR": 4.679975278095352,
    "oYj": 4.719200189194203,
    "pg2": 4.753154655951369,
    "qj2": 4.752626407927144,
    "r0E": 4.7722956724955425,
    "vgm": 4.695254913945455,
    "wjR": 4.701057959977532,
    "g56": 4.74949071516424
  },
  "client_selection": {
    "jR": 0.06,
    "k5": 0.06,
    "l5": 0.06,
    "mO": 0.04,
    "nR": 0.04,
    "oj": 0.02,
    "p2": 0.08,
    "q2": 0,
    "rE": 0.02,
    "vm": 0.06,
    "wR": 0.04,
    "x9": 0.04,
    "y7": 0.04,
    "zY": 0.04,
    "AO": 0.04,
    "BX": 0,
    "Dx": 0.06,
    "Ev": 0.06,
    "G7": 0.04,
    "J2": 0.08,
    "KR": 0.08,
    "Lw": 0.06,
    "MA": 0.06,
    "N6": 0.04,
    "Op": 0.04,
    "Pw": 0.04,
    "Ql": 0.06,
    "Rq": 0.08,
    "VM": 0.06,
    "WJ": 0.06,
    "XW": 0.06,
    "YK": 0.06,
    "ZJ": 0.02,
    "1R": 0.08,
    "2K": 0.04,
    "3M": 0.06,
    "41": 0.06,
    "5B": 0.06,
    "6n": 0.02,
    "7j": 0.06,
    "8m": 0.08,
    "9x": 0.02,
    "0v": 0.04,
    "gJY": 0.02,
    "jRR": 0.02,
    "kR5": 0.06,
    "lY5": 0.06,
    "mZO": 0.08,
    "n5R": 0.04,
    "o2j": 0.04,
    "pY2": 0.06,
    "qx2": 0.06,
    "rkE": 0.08,
    "v2m": 0.04,
    "wpR": 0.06,
    "xk9": 0.06,
    "yP7": 0.04,
    "zpY": 0.04,
    "ADO": 0.08,
    "BBX": 0.06,
    "Dkx": 0.04,
    "ERv": 0.02,
    "G67": 0.08,
    "J62": 0.04,
    "KrR": 0,
    "L9w": 0.04,
    "M8A": 0.06,
    "Nk6": 0.02,
    "OYp": 0.06,
    "PNw": 0.06,
    "QWl": 0.04,
    "R6q": 0.04,
    "VOM": 0.02,
    "W6J": 0.04,
    "XDW": 0.06,
    "YEK": 0.08,
    "Z6J": 0.06,
    "1wR": 0,
    "2kK": 0.04,
    "31M": 0.04,
    "4x1": 0.06,
    "5yB": 0.06,
    "68n": 0.04,
    "73j": 0.04,
    "82m": 0.06,
    "9rx": 0.06,
    "0Rv": 0.04,
    "g5Y": 0.04,
    "j2R": 0.06,
    "k55": 0.04,
    "lO5": 0.04,
    "mwO": 0.02,
    "nZR": 0.06,
    "oYj": 0.04,
    "pg2": 0.04,
    "qj2": 0.08,
    "r0E": 0.06,
    "vgm": 0.04,
    "wjR": 0.02,
    "g56": 0.04
  }
}